{
  "config": {
    "dataset": "mnist",
    "data_dir": "data",
    "device": "cuda:0",
    "seed": 42,
    "num_clients": 20,
    "num_attackers": 5,
    "subsample_rate": 1.0,
    "local_epochs": 1,
    "lr": 0.05,
    "batch_size": 512,
    "eval_batch_size": 4096,
    "num_workers": 0,
    "parallel_clients": 2,
    "base_class": 1,
    "target_class": 7,
    "pattern_type": "square",
    "attack_type": "bfl",
    "ipm_scaling": 2.0,
    "lmp_scale": 2.0,
    "bfl_poison_frac": 1.0,
    "dba_poison_frac": 0.5,
    "dba_num_sub_triggers": 4,
    "attacker_action": [
      0.0,
      0.0,
      0.0
    ],
    "rounds": 30
  },
  "attack_type": "bfl",
  "series": {
    "clean_loss": [
      4.920786380767822,
      2.0214765071868896,
      1.1004951000213623,
      0.7804184854030609,
      0.6601092666387558,
      0.5336872637271881,
      0.461529403924942,
      0.4233269616961479,
      0.37413083761930466,
      0.34955907613039017,
      0.3208382800221443,
      0.29668544977903366,
      0.2805982828140259,
      0.2640984505414963,
      0.24891586229205132,
      0.23389213532209396,
      0.2323583997786045,
      0.2168930470943451,
      0.2086806297302246,
      0.2045006863772869,
      0.19502658024430275,
      0.1907678246498108,
      0.18339861556887627,
      0.1793728992342949,
      0.17267287895083427,
      0.17311407625675201,
      0.1684616357088089,
      0.16454868391156197,
      0.15922404453158379,
      0.15677354857325554
    ],
    "clean_acc": [
      0.7502,
      0.8123,
      0.9153,
      0.9331,
      0.9398,
      0.9525,
      0.9595,
      0.9624,
      0.9674,
      0.9686,
      0.9702,
      0.9719,
      0.9742,
      0.9754,
      0.976,
      0.9766,
      0.9782,
      0.9786,
      0.9797,
      0.9796,
      0.9809,
      0.9807,
      0.9818,
      0.9818,
      0.9824,
      0.982,
      0.9831,
      0.9831,
      0.9841,
      0.9832
    ],
    "backdoor_acc": [
      0.8539,
      0.8877,
      0.9244,
      0.9335,
      0.9446,
      0.9565,
      0.9631,
      0.967,
      0.9699,
      0.9723,
      0.9736,
      0.9749,
      0.9771,
      0.9779,
      0.9784,
      0.9788,
      0.9807,
      0.9808,
      0.9819,
      0.9813,
      0.9833,
      0.9834,
      0.9842,
      0.9841,
      0.9842,
      0.984,
      0.9851,
      0.9852,
      0.9861,
      0.9852
    ],
    "round_seconds": [
      28.22733426094055,
      26.223750829696655,
      25.958820104599,
      26.294895887374878,
      26.423953771591187,
      25.892746686935425,
      25.58040475845337,
      26.05094313621521,
      26.23333191871643,
      26.448549270629883,
      26.09864091873169,
      26.126856803894043,
      26.394015789031982,
      25.555110216140747,
      25.90048122406006,
      25.82575798034668,
      25.905054330825806,
      25.924793481826782,
      26.072872638702393,
      26.51392912864685,
      26.14087152481079,
      26.485549926757812,
      26.2518208026886,
      26.167659044265747,
      26.254547834396362,
      26.237720489501953,
      26.29966950416565,
      25.960307598114014,
      26.156776189804077,
      26.458297729492188
    ],
    "mean_benign_norm": [
      0.23398788273334503,
      0.5551026741663615,
      0.2798568427562714,
      0.16173542539278665,
      0.12205495933691661,
      0.10550613154967627,
      0.09141345222791036,
      0.08718054344256719,
      0.08546627064545949,
      0.07918005933364232,
      0.07773201912641525,
      0.0763055627544721,
      0.07311078856388728,
      0.07620858003695806,
      0.07094659581780434,
      0.07315537432829539,
      0.07029731621344884,
      0.07105798621972402,
      0.06909176011880239,
      0.06715280711650848,
      0.06892030288775762,
      0.06699390163024267,
      0.06655051832397779,
      0.06572092672189077,
      0.06830218210816383,
      0.06579814255237579,
      0.06487865298986435,
      0.06458895752827326,
      0.06438648502031961,
      0.06423888206481934
    ],
    "mean_malicious_norm": [
      2.129534101486206,
      1.62718608379364,
      1.1346358776092529,
      0.8884942293167114,
      0.7452558279037476,
      0.6467144846916199,
      0.5697051167488099,
      0.50887131690979,
      0.46432373523712156,
      0.4306629776954651,
      0.39483567476272585,
      0.372452849149704,
      0.34677273631095884,
      0.32933462858200074,
      0.32089855074882506,
      0.29750985503196714,
      0.2922560930252075,
      0.2792229115962982,
      0.26163803339004515,
      0.2608632504940033,
      0.24307278990745546,
      0.24152272641658784,
      0.23229938745498657,
      0.22928001284599303,
      0.2289123833179474,
      0.21853867471218108,
      0.21415416598320008,
      0.20652517378330232,
      0.20578787326812745,
      0.20136921107769012
    ],
    "mean_malicious_cosine": [
      0.5323252201080322,
      0.6509618997573853,
      0.5428715944290161,
      0.491354900598526,
      0.46759586334228515,
      0.41428263783454894,
      0.38867961764335635,
      0.36519100666046145,
      0.29337775707244873,
      0.31816149353981016,
      0.24987809360027313,
      0.19434661269187928,
      0.18307307958602906,
      0.14804133027791977,
      0.15370015501976014,
      0.09627533704042435,
      0.10771635919809341,
      0.06191586814820767,
      0.04627517610788345,
      0.06197471097111702,
      0.01632116122636944,
      0.007873902004212141,
      -0.049637421220541,
      -0.028015067253727467,
      -0.036646103300154206,
      -0.009192511171568185,
      -0.05464073121547699,
      -0.07591540664434433,
      -0.1023484654724598,
      -0.08279342614114285
    ]
  },
  "rounds": [
    {
      "round_idx": 1,
      "clean_loss": 4.920786380767822,
      "clean_acc": 0.7502,
      "backdoor_acc": 0.8539,
      "round_seconds": 28.22733426094055,
      "mean_benign_norm": 0.23398788273334503,
      "mean_malicious_norm": 2.129534101486206,
      "mean_malicious_cosine": 0.5323252201080322,
      "evaluated": true
    },
    {
      "round_idx": 2,
      "clean_loss": 2.0214765071868896,
      "clean_acc": 0.8123,
      "backdoor_acc": 0.8877,
      "round_seconds": 26.223750829696655,
      "mean_benign_norm": 0.5551026741663615,
      "mean_malicious_norm": 1.62718608379364,
      "mean_malicious_cosine": 0.6509618997573853,
      "evaluated": true
    },
    {
      "round_idx": 3,
      "clean_loss": 1.1004951000213623,
      "clean_acc": 0.9153,
      "backdoor_acc": 0.9244,
      "round_seconds": 25.958820104599,
      "mean_benign_norm": 0.2798568427562714,
      "mean_malicious_norm": 1.1346358776092529,
      "mean_malicious_cosine": 0.5428715944290161,
      "evaluated": true
    },
    {
      "round_idx": 4,
      "clean_loss": 0.7804184854030609,
      "clean_acc": 0.9331,
      "backdoor_acc": 0.9335,
      "round_seconds": 26.294895887374878,
      "mean_benign_norm": 0.16173542539278665,
      "mean_malicious_norm": 0.8884942293167114,
      "mean_malicious_cosine": 0.491354900598526,
      "evaluated": true
    },
    {
      "round_idx": 5,
      "clean_loss": 0.6601092666387558,
      "clean_acc": 0.9398,
      "backdoor_acc": 0.9446,
      "round_seconds": 26.423953771591187,
      "mean_benign_norm": 0.12205495933691661,
      "mean_malicious_norm": 0.7452558279037476,
      "mean_malicious_cosine": 0.46759586334228515,
      "evaluated": true
    },
    {
      "round_idx": 6,
      "clean_loss": 0.5336872637271881,
      "clean_acc": 0.9525,
      "backdoor_acc": 0.9565,
      "round_seconds": 25.892746686935425,
      "mean_benign_norm": 0.10550613154967627,
      "mean_malicious_norm": 0.6467144846916199,
      "mean_malicious_cosine": 0.41428263783454894,
      "evaluated": true
    },
    {
      "round_idx": 7,
      "clean_loss": 0.461529403924942,
      "clean_acc": 0.9595,
      "backdoor_acc": 0.9631,
      "round_seconds": 25.58040475845337,
      "mean_benign_norm": 0.09141345222791036,