{
  "config": {
    "dataset": "mnist",
    "data_dir": "data",
    "device": "cuda:0",
    "seed": 42,
    "num_clients": 10,
    "num_attackers": 2,
    "subsample_rate": 1.0,
    "local_epochs": 1,
    "lr": 0.05,
    "batch_size": 512,
    "eval_batch_size": 4096,
    "num_workers": 0,
    "parallel_clients": 2,
    "attack_type": "lmp",
    "ipm_scaling": 2.0,
    "lmp_scale": 2.0,
    "rounds": 50
  },
  "runs": {
    "clean": {
      "clean_loss": [
        4.374291300773621,
        2.143918991088867,
        1.2631529867649078,
        1.0574783980846405,
        0.9350374191999435,
        0.865348219871521,
        0.7700690627098083,
        0.7183760106563568,
        0.6778541952371597,
        0.620041087269783,
        0.5878715515136719,
        0.5588528662919998,
        0.5315800309181213,
        0.5038567334413528,
        0.47886373847723007,
        0.4589981883764267,
        0.437537744641304,
        0.4204677492380142,
        0.40480200946331024,
        0.3895944282412529,
        0.38007166236639023,
        0.3637470155954361,
        0.34977658092975616,
        0.3427647575736046,
        0.32712244987487793,
        0.32225311547517776,
        0.30969657748937607,
        0.30607569217681885,
        0.29350046813488007,
        0.2832798585295677,
        0.2790185436606407,
        0.2707158848643303,
        0.2653983309864998,
        0.2579497918486595,
        0.2538971081376076,
        0.24848081171512604,
        0.24381541088223457,
        0.23893562704324722,
        0.233667504042387,
        0.22576680034399033,
        0.22329581156373024,
        0.21878178045153618,
        0.21490765735507011,
        0.21437479928135872,
        0.21054603904485703,
        0.20547957345843315,
        0.200856801122427,
        0.1979127898812294,
        0.19710015133023262,
        0.1939881034195423
      ],
      "clean_acc": [
        0.7522,
        0.8133,
        0.8834,
        0.8992,
        0.9059,
        0.9112,
        0.9194,
        0.9257,
        0.9316,
        0.9356,
        0.939,
        0.9426,
        0.9444,
        0.9487,
        0.95,
        0.9526,
        0.9554,
        0.9577,
        0.9575,
        0.9587,
        0.9608,
        0.9621,
        0.9638,
        0.9642,
        0.9661,
        0.9675,
        0.9673,
        0.9687,
        0.9702,
        0.9721,
        0.9724,
        0.9724,
        0.9734,
        0.9736,
        0.9748,
        0.9742,
        0.9759,
        0.9766,
        0.976,
        0.9768,
        0.9769,
        0.9774,
        0.9775,
        0.9777,
        0.978,
        0.9786,
        0.979,
        0.9793,
        0.9796,
        0.9793
      ],
      "round_seconds": [
        6.762274742126465,
        5.2759013175964355,
        5.301177978515625,
        5.385068655014038,
        5.349137544631958,
        5.35616135597229,
        5.372005939483643,
        5.390735149383545,
        5.391634941101074,
        5.469817399978638,
        5.201847314834595,
        5.481351613998413,
        5.424217939376831,
        5.387679100036621,
        5.429239988327026,
        5.418263673782349,
        5.3984153270721436,
        5.322112321853638,
        5.300816535949707,
        5.421838760375977,
        5.325188159942627,
        5.443727254867554,
        5.213863372802734,
        5.3944947719573975,
        5.384293556213379,
        5.33614444732666,
        5.480190753936768,
        5.3771071434021,
        5.3582775592803955,
        5.43981671333313,
        5.3732590675354,
        5.487865447998047,
        5.237056255340576,
        5.157757997512817,
        5.438613653182983,
        5.276520490646362,
        5.3709797859191895,
        5.3658599853515625,
        5.402564287185669,
        5.450070858001709,
        5.282386779785156,
        5.396303415298462,
        5.3454108238220215,
        5.365483045578003,
        5.4205322265625,
        5.3610382080078125,
        5.372660160064697,
        5.2542548179626465,
        5.221294641494751,
        5.360101699829102
      ],
      "mean_benign_norm": [
        0.6171170920133591,
        0.7480625137686729,
        0.3878953866660595,
        0.24834699369966984,
        0.1948084607720375,
        0.16758227534592152,
        0.15600194968283176,
        0.14340014569461346,
        0.142899626865983,
        0.1297146389260888,
        0.12679888680577278,
        0.12041033897548914,
        0.1179015664383769,
        0.11212950199842453,
        0.11167818680405617,
        0.10865424107760191,
        0.10557824838906527,
        0.10313205700367689,
        0.09959117975085974,
        0.09836563561111689,
        0.09656263515353203,
        0.09725919552147388,
        0.09458963014185429,
        0.09314557909965515,
        0.09517871215939522,
        0.09059799369424582,
        0.09042525105178356,
        0.09082094859331846,
        0.09243431873619556,
        0.0893300985917449,
        0.08696770202368498,
        0.0865479726344347,
        0.08490368817001581,
        0.09220840595662594,
        0.08545000478625298,
        0.08339496422559023,
        0.0836787587031722,
        0.08250911068171263,
        0.0827771108597517,
        0.08293495886027813,
        0.08371329121291637,
        0.0835614250972867,
        0.08433639258146286,
        0.08242891542613506,
        0.08132231421768665,
        0.07940391171723604,
        0.07984612416476011,
        0.07741980068385601,
        0.0786142498254776,
        0.0824331808835268
      ],
      "mean_malicious_norm": [
        0.0,
        0.0,
        0.0,
        0.0,
        0.0,
        0.0,
        0.0,
        0.0,
        0.0,
        0.0,
        0.0,
        0.0,
        0.0,
        0.0,
        0.0,
        0.0,
        0.0,
        0.0,
        0.0,
        0.0,
        0.0,
        0.0,
        0.0,
        0.0,
        0.0,
        0.0,
        0.0,
        0.0,
        0.0,
        0.0,
        0.0,
        0.0,
        0.0,
        0.0,
        0.0,
        0.0,
        0.0,
        0.0,
        0.0,
        0.0,
        0.0,
        0.0,
        0.0,
        0.0,
        0.0,
        0.0,
        0.0,
        0.0,
        0.0,
        0.0
      ],
      "mean_malicious_cosine": [
        0.0,
        0.0,
        0.0,
        0.0,
        0.0,
        0.0,
        0.0,
        0.0,
        0.0,
        0.0,
        0.0,
        0.0,
        0.0,
        0.0,
        0.0,
        0.0,
        0.0,
        0.0,
        0.0,
        0.0,
        0.0,
        0.0,
        0.0,
        0.0,
        0.0,
        0.0,
        0.0,
        0.0,
        0.0,
        0.0,
        0.0,
        0.0,
        0.0,
        0.0,
        0.0,
        0.0,
        0.0,
        0.0,
        0.0,
        0.0,
        0.0,
        0.0,
        0.0,
        0.0,
        0.0,
        0.0,
        0.0,
        0.0,
        0.0,
        0.0
      ]
    },