{
  "config": {
    "dataset": "mnist",
    "data_dir": "data",
    "device": "cuda:0",
    "seed": 42,
    "num_clients": 20,
    "num_attackers": 5,
    "subsample_rate": 1.0,
    "local_epochs": 1,
    "lr": 0.05,
    "batch_size": 512,
    "eval_batch_size": 4096,
    "num_workers": 0,
    "parallel_clients": 2,
    "base_class": 1,
    "target_class": 7,
    "pattern_type": "square",
    "attack_type": "ipm",
    "ipm_scaling": 2.0,
    "lmp_scale": 2.0,
    "bfl_poison_frac": 1.0,
    "dba_poison_frac": 0.5,
    "dba_num_sub_triggers": 4,
    "attacker_action": [
      0.0,
      0.0,
      0.0
    ],
    "rounds": 30
  },
  "attack_type": "ipm",
  "series": {
    "clean_loss": [
      6.779417514801025,
      6.584218263626099,
      6.281182765960693,
      5.82488477230072,
      5.2700676918029785,
      4.803187727928162,
      4.330499649047852,
      3.8978257179260254,
      3.5403672456741333,
      3.207185447216034,
      2.874418795108795,
      2.61771422624588,
      2.3803426027297974,
      2.2153664231300354,
      2.0519548058509827,
      1.9302960634231567,
      1.831904649734497,
      1.699617475271225,
      1.5990232825279236,
      1.5041027665138245,
      1.4229099452495575,
      1.3675200641155243,
      1.3064206838607788,
      1.257313847541809,
      1.2289719879627228,
      1.2191310822963715,
      1.199895828962326,
      1.1592792868614197,
      1.1383384466171265,
      1.1280547380447388
    ],
    "clean_acc": [
      0.2004,
      0.3665,
      0.5673,
      0.6707,
      0.7517,
      0.7577,
      0.7732,
      0.781,
      0.7832,
      0.7979,
      0.8047,
      0.8102,
      0.8175,
      0.8178,
      0.8251,
      0.828,
      0.8304,
      0.8431,
      0.8494,
      0.8588,
      0.8664,
      0.8713,
      0.8779,
      0.8819,
      0.883,
      0.8829,
      0.8829,
      0.8879,
      0.8886,
      0.8883
    ],
    "backdoor_acc": [
      0.2,
      0.3391,
      0.4763,
      0.5702,
      0.645,
      0.6477,
      0.6623,
      0.6698,
      0.6717,
      0.6867,
      0.6929,
      0.6988,
      0.7062,
      0.7065,
      0.7135,
      0.7164,
      0.7192,
      0.7318,
      0.7382,
      0.7475,
      0.755,
      0.7598,
      0.7664,
      0.7704,
      0.7715,
      0.7714,
      0.7716,
      0.7767,
      0.7775,
      0.7771
    ],
    "round_seconds": [
      7.304959058761597,
      5.946995973587036,
      5.7783873081207275,
      5.913322448730469,
      5.887394428253174,
      5.950263023376465,
      5.942687511444092,
      5.917728424072266,
      6.064511299133301,
      6.045850515365601,
      5.932064533233643,
      5.935651063919067,
      5.938462495803833,
      5.795746088027954,
      6.026284217834473,
      5.951763153076172,
      5.952558755874634,
      5.939539194107056,
      5.924347639083862,
      5.898290634155273,
      5.917337894439697,
      5.9585607051849365,
      5.9442338943481445,
      5.795644044876099,
      5.799713134765625,
      5.838350296020508,
      5.937328338623047,
      5.8285088539123535,
      6.103921890258789,
      5.9416303634643555
    ],
    "mean_benign_norm": [
      0.23407575090726215,
      0.28882231513659157,
      0.3649547656377157,
      0.4471768299738566,
      0.5038532853126526,
      0.5118033190568289,
      0.49499814709027606,
      0.4531809866428375,
      0.45292771657307945,
      0.4058704952398936,
      0.37969745993614196,
      0.3485238532225291,
      0.3298955738544464,
      0.30820603569348654,
      0.2776358703772227,
      0.24850590229034425,
      0.24099897841612497,
      0.23659298419952393,
      0.20838838815689087,
      0.1990078886349996,
      0.19824891189734142,
      0.184853200117747,
      0.17349931895732879,
      0.1702893058458964,
      0.16838788092136384,
      0.16993482212225597,
      0.161249840259552,
      0.1399334450562795,
      0.1408516784509023,
      0.14475350777308146
    ],
    "mean_malicious_norm": [
      0.460506409406662,
      0.5708143711090088,
      0.7224947214126587,
      0.8796278834342957,
      0.9216572046279907,
      0.9064499735832214,
      0.8649493455886841,
      0.8028604984283447,
      0.7576674222946167,
      0.6901569962501526,
      0.6343114972114563,
      0.5847350358963013,
      0.5302360653877258,
      0.49375325441360474,
      0.454910010099411,
      0.4229665994644165,
      0.39243456721305847,
      0.35943958163261414,
      0.3370721638202667,
      0.31596848368644714,
      0.29605650901794434,
      0.2847365736961365,
      0.2659669518470764,
      0.2500791549682617,
      0.23762206733226776,
      0.2463020533323288,
      0.22341474890708923,
      0.21922707557678223,
      0.20123529434204102,
      0.19644270837306976
    ],
    "mean_malicious_cosine": [
      -1.0,
      -0.9999998807907104,
      -1.0,
      -0.9999999403953552,
      -0.9999999403953552,
      -1.0,
      -1.0000001192092896,
      -1.0,
      -1.0000001192092896,
      -1.0000001192092896,
      -1.0000001192092896,
      -0.9999999403953552,
      -1.0000001192092896,
      -1.0,
      -0.9999999403953552,
      -1.0,
      -0.9999998807907104,
      -0.9999998807907104,
      -1.0,
      -1.0000001192092896,
      -1.0,
      -1.0,
      -1.0000001192092896,
      -1.0,
      -0.9999999403953552,
      -0.9999999403953552,
      -0.9999998211860657,
      -1.0,
      -1.0,
      -1.0000001192092896
    ]
  },
  "rounds": [
    {
      "round_idx": 1,
      "clean_loss": 6.779417514801025,
      "clean_acc": 0.2004,
      "backdoor_acc": 0.2,
      "round_seconds": 7.304959058761597,
      "mean_benign_norm": 0.23407575090726215,
      "mean_malicious_norm": 0.460506409406662,
      "mean_malicious_cosine": -1.0,
      "evaluated": true
    },
    {
      "round_idx": 2,
      "clean_loss": 6.584218263626099,
      "clean_acc": 0.3665,
      "backdoor_acc": 0.3391,
      "round_seconds": 5.946995973587036,
      "mean_benign_norm": 0.28882231513659157,
      "mean_malicious_norm": 0.5708143711090088,
      "mean_malicious_cosine": -0.9999998807907104,
      "evaluated": true
    },
    {
      "round_idx": 3,
      "clean_loss": 6.281182765960693,
      "clean_acc": 0.5673,
      "backdoor_acc": 0.4763,
      "round_seconds": 5.7783873081207275,
      "mean_benign_norm": 0.3649547656377157,
      "mean_malicious_norm": 0.7224947214126587,
      "mean_malicious_cosine": -1.0,
      "evaluated": true
    },
    {
      "round_idx": 4,
      "clean_loss": 5.82488477230072,
      "clean_acc": 0.6707,
      "backdoor_acc": 0.5702,
      "round_seconds": 5.913322448730469,
      "mean_benign_norm": 0.4471768299738566,
      "mean_malicious_norm": 0.8796278834342957,
      "mean_malicious_cosine": -0.9999999403953552,
      "evaluated": true
    },
    {
      "round_idx": 5,
      "clean_loss": 5.2700676918029785,
      "clean_acc": 0.7517,
      "backdoor_acc": 0.645,
      "round_seconds": 5.887394428253174,
      "mean_benign_norm": 0.5038532853126526,
      "mean_malicious_norm": 0.9216572046279907,
      "mean_malicious_cosine": -0.9999999403953552,
      "evaluated": true
    },
    {
      "round_idx": 6,
      "clean_loss": 4.803187727928162,
      "clean_acc": 0.7577,
      "backdoor_acc": 0.6477,
      "round_seconds": 5.950263023376465,
      "mean_benign_norm": 0.5118033190568289,
      "mean_malicious_norm": 0.9064499735832214,
      "mean_malicious_cosine": -1.0,
      "evaluated": true
    },
    {
      "round_idx": 7,
      "clean_loss": 4.330499649047852,
      "clean_acc": 0.7732,
      "backdoor_acc": 0.6623,
      "round_seconds": 5.942687511444092,
      "mean_benign_norm": 0.49499814709027606,
      "mean_malicious_norm": 0.8649493455886841,
      "mean_malicious_cosine": -1.0000001192092896,
      "evaluated": true
    },
    {
      "round_idx": 8,
      "clean_loss": 3.8978257179260254,
      "clean_acc": 0.781,
      "backdoor_acc": 0.6698,
      "round_seconds": 5.917728424072266,