{
  "config": {
    "dataset": "mnist",
    "data_dir": "data",
    "device": "cuda:0",
    "seed": 42,
    "num_clients": 20,
    "num_attackers": 5,
    "subsample_rate": 1.0,
    "local_epochs": 1,
    "lr": 0.05,
    "batch_size": 512,
    "eval_batch_size": 4096,
    "num_workers": 0,
    "parallel_clients": 2,
    "base_class": 1,
    "target_class": 7,
    "pattern_type": "square",
    "attack_type": "dba",
    "ipm_scaling": 2.0,
    "lmp_scale": 2.0,
    "bfl_poison_frac": 1.0,
    "dba_poison_frac": 0.5,
    "dba_num_sub_triggers": 4,
    "attacker_action": [
      0.0,
      0.0,
      0.0
    ],
    "rounds": 30
  },
  "attack_type": "dba",
  "series": {
    "clean_loss": [
      4.677509427070618,
      1.7722840309143066,
      0.8762479275465012,
      0.6694735735654831,
      0.5064135044813156,
      0.43490057438611984,
      0.3847622126340866,
      0.3462197780609131,
      0.3153253644704819,
      0.28802908957004547,
      0.2655956298112869,
      0.24888117983937263,
      0.2342856265604496,
      0.2221151813864708,
      0.21124327927827835,
      0.2013295292854309,
      0.19479231163859367,
      0.18519597873091698,
      0.17780208587646484,
      0.17554791644215584,
      0.16751885786652565,
      0.16213548555970192,
      0.15793274715542793,
      0.1535629816353321,
      0.1524086333811283,
      0.15032684057950974,
      0.14486266300082207,
      0.14075681567192078,
      0.13715481385588646,
      0.13515978306531906
    ],
    "clean_acc": [
      0.8535,
      0.871,
      0.9214,
      0.9353,
      0.9508,
      0.9577,
      0.9628,
      0.9662,
      0.9687,
      0.971,
      0.9732,
      0.9747,
      0.976,
      0.9768,
      0.978,
      0.9787,
      0.9795,
      0.9807,
      0.9807,
      0.9807,
      0.9818,
      0.9818,
      0.9822,
      0.983,
      0.9828,
      0.9837,
      0.9841,
      0.9842,
      0.9844,
      0.9847
    ],
    "backdoor_acc": [
      0.7678,
      0.7923,
      0.8696,
      0.9319,
      0.9507,
      0.958,
      0.963,
      0.9672,
      0.9689,
      0.9719,
      0.9738,
      0.9749,
      0.9762,
      0.977,
      0.9781,
      0.9787,
      0.9798,
      0.9807,
      0.9808,
      0.9808,
      0.9821,
      0.9822,
      0.9826,
      0.9834,
      0.9832,
      0.9842,
      0.9845,
      0.9846,
      0.9848,
      0.9851
    ],
    "round_seconds": [
      28.058454990386963,
      26.234328985214233,
      26.207578897476196,
      26.013381719589233,
      26.049848794937134,
      26.299869775772095,
      25.825446128845215,
      26.33392572402954,
      26.362298488616943,
      26.070192575454712,
      26.56366276741028,
      25.899115562438965,
      26.186140537261963,
      27.47267246246338,
      27.269095420837402,
      26.756205320358276,
      26.496006727218628,
      26.51766014099121,
      26.36118507385254,
      26.702192544937134,
      27.51525640487671,
      26.358189344406128,
      26.348872661590576,
      26.186336994171143,
      26.859111309051514,
      27.182694673538208,
      26.044971227645874,
      26.51565933227539,
      26.68434429168701,
      26.927826642990112
    ],
    "mean_benign_norm": [
      0.2336692124605179,
      0.5390666286150615,
      0.24942583243052166,
      0.13870410372813544,
      0.10084003657102585,
      0.0826650694012642,
      0.07532164653142294,
      0.07218101819356283,
      0.06964357942342758,
      0.06646605854233106,
      0.06403224542737007,
      0.06421843841671944,
      0.0626857283214728,
      0.06342934692899387,
      0.06133044312397639,
      0.06222393463055293,
      0.059389861424764,
      0.05978390996654828,
      0.05903132557868958,
      0.05760281284650167,
      0.05752283881107966,
      0.05713579306999842,
      0.05641510436932246,
      0.056167479356129965,
      0.05708974003791809,
      0.05668968657652537,
      0.05601379623015722,
      0.055014621714750925,
      0.054689689477284746,
      0.05498423501849174
    ],
    "mean_malicious_norm": [
      2.1915930271148683,
      1.730072283744812,
      1.2678857088088988,
      1.0371476411819458,
      0.8894473671913147,
      0.7805369257926941,
      0.6870627760887146,
      0.6173446774482727,
      0.5581920742988586,
      0.5113748133182525,
      0.46784265637397765,
      0.43661685585975646,
      0.4027933537960052,
      0.3828434348106384,
      0.36438143253326416,
      0.33936540484428407,
      0.32765947580337523,
      0.3060005664825439,
      0.2927667498588562,
      0.29524016976356504,
      0.27228771448135375,
      0.2729046165943146,
      0.2579822808504105,
      0.2572222352027893,
      0.24524299502372743,
      0.24029234647750855,
      0.2307991087436676,
      0.2277760088443756,
      0.22336403131484986,
      0.21512902081012725
    ],
    "mean_malicious_cosine": [
      0.595591938495636,
      0.7059409499168396,
      0.6173693299293518,
      0.6530640363693238,
      0.6089683890342712,
      0.6734688520431519,
      0.6545283317565918,
      0.6466597318649292,
      0.5721228837966919,
      0.6239942193031311,
      0.6034883260726929,
      0.5587794125080109,
      0.55585697889328,
      0.5596950232982636,
      0.5524525880813599,
      0.5211795389652252,
      0.5078593730926514,
      0.5029816925525665,
      0.5254794359207153,
      0.4897650718688965,
      0.5035863041877746,
      0.45787121057510377,
      0.38040982484817504,
      0.4040918529033661,
      0.45730353593826295,
      0.4831076145172119,
      0.37822715640068055,
      0.4326452732086182,
      0.32015511989593504,
      0.3910007506608963
    ]
  },
  "rounds": [
    {
      "round_idx": 1,
      "clean_loss": 4.677509427070618,
      "clean_acc": 0.8535,
      "backdoor_acc": 0.7678,
      "round_seconds": 28.058454990386963,
      "mean_benign_norm": 0.2336692124605179,
      "mean_malicious_norm": 2.1915930271148683,
      "mean_malicious_cosine": 0.595591938495636,
      "evaluated": true
    },
    {
      "round_idx": 2,
      "clean_loss": 1.7722840309143066,
      "clean_acc": 0.871,
      "backdoor_acc": 0.7923,
      "round_seconds": 26.234328985214233,
      "mean_benign_norm": 0.5390666286150615,
      "mean_malicious_norm": 1.730072283744812,
      "mean_malicious_cosine": 0.7059409499168396,
      "evaluated": true
    },
    {
      "round_idx": 3,
      "clean_loss": 0.8762479275465012,
      "clean_acc": 0.9214,
      "backdoor_acc": 0.8696,
      "round_seconds": 26.207578897476196,
      "mean_benign_norm": 0.24942583243052166,
      "mean_malicious_norm": 1.2678857088088988,
      "mean_malicious_cosine": 0.6173693299293518,
      "evaluated": true
    },
    {
      "round_idx": 4,
      "clean_loss": 0.6694735735654831,
      "clean_acc": 0.9353,
      "backdoor_acc": 0.9319,
      "round_seconds": 26.013381719589233,
      "mean_benign_norm": 0.13870410372813544,
      "mean_malicious_norm": 1.0371476411819458,
      "mean_malicious_cosine": 0.6530640363693238,
      "evaluated": true
    },
    {
      "round_idx": 5,
      "clean_loss": 0.5064135044813156,
      "clean_acc": 0.9508,
      "backdoor_acc": 0.9507,
      "round_seconds": 26.049848794937134,
      "mean_benign_norm": 0.10084003657102585,
      "mean_malicious_norm": 0.8894473671913147,
      "mean_malicious_cosine": 0.6089683890342712,
      "evaluated": true
    },
    {
      "round_idx": 6,
      "clean_loss": 0.43490057438611984,
      "clean_acc": 0.9577,
      "backdoor_acc": 0.958,
      "round_seconds": 26.299869775772095,
      "mean_benign_norm": 0.0826650694012642,
      "mean_malicious_norm": 0.7805369257926941,
      "mean_malicious_cosine": 0.6734688520431519,
      "evaluated": true
    },
    {
      "round_idx": 7,
      "clean_loss": 0.3847622126340866,
      "clean_acc": 0.9628,
      "backdoor_acc": 0.963,
      "round_seconds": 25.825446128845215,
      "mean_benign_norm": 0.07532164653142294,