{
  "config": {
    "dataset": "mnist",
    "data_dir": "data",
    "device": "cuda:0",
    "seed": 42,
    "num_clients": 20,
    "num_attackers": 5,
    "subsample_rate": 1.0,
    "local_epochs": 1,
    "lr": 0.05,
    "batch_size": 512,
    "eval_batch_size": 4096,
    "num_workers": 0,
    "parallel_clients": 2,
    "base_class": 1,
    "target_class": 7,
    "pattern_type": "square",
    "attack_type": "lmp",
    "ipm_scaling": 2.0,
    "lmp_scale": 2.0,
    "bfl_poison_frac": 1.0,
    "dba_poison_frac": 0.5,
    "dba_num_sub_triggers": 4,
    "attacker_action": [
      0.0,
      0.0,
      0.0
    ],
    "rounds": 30
  },
  "attack_type": "lmp",
  "series": {
    "clean_loss": [
      8.225465774536133,
      17.09500789642334,
      15.771593570709229,
      13.493748188018799,
      137.11713409423828,
      460.89369201660156,
      388.62840270996094,
      367.9879150390625,
      342.04383087158203,
      305.9523391723633,
      264.3541030883789,
      218.57601928710938,
      189.45574188232422,
      1373.5880432128906,
      1300.1549682617188,
      1170.0061950683594,
      1040.9500427246094,
      969.04541015625,
      886.8067932128906,
      808.8509368896484,
      739.3651275634766,
      681.7320098876953,
      629.3948516845703,
      562.3948516845703,
      481.02610778808594,
      442.2125701904297,
      373.0462188720703,
      348.50439453125,
      321.53272247314453,
      285.84461212158203
    ],
    "clean_acc": [
      0.0246,
      0.0695,
      0.0892,
      0.0986,
      0.1171,
      0.1135,
      0.1135,
      0.1135,
      0.1135,
      0.1135,
      0.1135,
      0.0958,
      0.0958,
      0.1048,
      0.1028,
      0.1028,
      0.1028,
      0.1028,
      0.1028,
      0.1028,
      0.1028,
      0.1028,
      0.1028,
      0.1028,
      0.1028,
      0.1028,
      0.1028,
      0.1028,
      0.1028,
      0.1028
    ],
    "backdoor_acc": [
      0.0246,
      0.0695,
      0.0892,
      0.0986,
      0.1171,
      0.0,
      0.0,
      0.0,
      0.0,
      0.0,
      0.0,
      0.0958,
      0.0958,
      0.2167,
      0.2163,
      0.2163,
      0.2163,
      0.2163,
      0.2163,
      0.2163,
      0.2163,
      0.2163,
      0.2163,
      0.2163,
      0.2163,
      0.2163,
      0.2163,
      0.2163,
      0.2163,
      0.2163
    ],
    "round_seconds": [
      7.282067537307739,
      6.041177749633789,
      5.755236864089966,
      5.753944635391235,
      5.767338037490845,
      5.802642107009888,
      5.794245719909668,
      5.844015598297119,
      5.758890390396118,
      5.941570520401001,
      5.907027244567871,
      5.977228879928589,
      5.888095378875732,
      5.838999032974243,
      5.879366874694824,
      5.853206157684326,
      5.818811416625977,
      5.821736574172974,
      5.910045146942139,
      5.967625856399536,
      5.784836292266846,
      5.770683526992798,
      5.648058652877808,
      5.752652406692505,
      5.860928773880005,
      5.756965398788452,
      5.778712749481201,
      5.893055438995361,
      5.902796030044556,
      5.859991550445557
    ],
    "mean_benign_norm": [
      0.2337853213151296,
      0.31791760921478274,
      1.063248864809672,
      1.1498895168304444,
      3.619759750366211,
      6.930545330047607,
      0.0,
      0.0,
      0.0,
      0.0,
      0.0,
      2.132591883341471,
      0.0,
      7.433458964029948,
      0.0,
      0.0,
      0.0,
      0.0,
      0.0,
      0.0,
      0.0,
      0.0,
      0.0,
      0.0,
      0.0,
      0.0,
      0.0,
      0.0,
      0.0,
      0.0
    ],
    "mean_malicious_norm": [
      7.51270866394043,
      8.278459548950195,
      7.916989326477051,
      8.184911727905273,
      8.207517623901367,
      8.415592193603516,
      11.87222957611084,
      11.436564445495605,
      11.044496536254883,
      10.700758934020996,
      10.411989212036133,
      8.674388885498047,
      10.355452537536621,
      8.697371482849121,
      10.867392539978027,
      10.677552223205566,
      10.324932098388672,
      9.996411323547363,
      9.62802791595459,
      9.248515129089355,
      9.054010391235352,
      8.761717796325684,
      8.565982818603516,
      8.27068042755127,
      8.041924476623535,
      7.710569381713867,
      7.596816539764404,
      7.282981872558594,
      7.094184875488281,
      6.997196197509766
    ],
    "mean_malicious_cosine": [
      -0.3811705708503723,
      -0.35513362288475037,
      -0.34627774357795715,
      -0.36534664034843445,
      -0.14557987451553345,
      0.21027924120426178,
      0.0,
      0.0,
      0.0,
      0.0,
      0.0,
      -0.2466498613357544,
      0.0,
      -0.21348226070404053,
      0.0,
      0.0,
      0.0,
      0.0,
      0.0,
      0.0,
      0.0,
      0.0,
      0.0,
      0.0,
      0.0,
      0.0,
      0.0,
      0.0,
      0.0,
      0.0
    ]
  },
  "rounds": [
    {
      "round_idx": 1,
      "clean_loss": 8.225465774536133,
      "clean_acc": 0.0246,
      "backdoor_acc": 0.0246,
      "round_seconds": 7.282067537307739,
      "mean_benign_norm": 0.2337853213151296,
      "mean_malicious_norm": 7.51270866394043,
      "mean_malicious_cosine": -0.3811705708503723,
      "evaluated": true
    },
    {
      "round_idx": 2,
      "clean_loss": 17.09500789642334,
      "clean_acc": 0.0695,
      "backdoor_acc": 0.0695,
      "round_seconds": 6.041177749633789,
      "mean_benign_norm": 0.31791760921478274,
      "mean_malicious_norm": 8.278459548950195,
      "mean_malicious_cosine": -0.35513362288475037,
      "evaluated": true
    },
    {
      "round_idx": 3,
      "clean_loss": 15.771593570709229,
      "clean_acc": 0.0892,
      "backdoor_acc": 0.0892,
      "round_seconds": 5.755236864089966,
      "mean_benign_norm": 1.063248864809672,
      "mean_malicious_norm": 7.916989326477051,
      "mean_malicious_cosine": -0.34627774357795715,
      "evaluated": true
    },
    {
      "round_idx": 4,
      "clean_loss": 13.493748188018799,
      "clean_acc": 0.0986,
      "backdoor_acc": 0.0986,
      "round_seconds": 5.753944635391235,
      "mean_benign_norm": 1.1498895168304444,
      "mean_malicious_norm": 8.184911727905273,
      "mean_malicious_cosine": -0.36534664034843445,
      "evaluated": true
    },
    {
      "round_idx": 5,
      "clean_loss": 137.11713409423828,
      "clean_acc": 0.1171,
      "backdoor_acc": 0.1171,
      "round_seconds": 5.767338037490845,
      "mean_benign_norm": 3.619759750366211,
      "mean_malicious_norm": 8.207517623901367,
      "mean_malicious_cosine": -0.14557987451553345,
      "evaluated": true
    },
    {
      "round_idx": 6,
      "clean_loss": 460.89369201660156,
      "clean_acc": 0.1135,
      "backdoor_acc": 0.0,
      "round_seconds": 5.802642107009888,
      "mean_benign_norm": 6.930545330047607,
      "mean_malicious_norm": 8.415592193603516,
      "mean_malicious_cosine": 0.21027924120426178,
      "evaluated": true
    },
    {
      "round_idx": 7,
      "clean_loss": 388.62840270996094,
      "clean_acc": 0.1135,
      "backdoor_acc": 0.0,
      "round_seconds": 5.794245719909668,
      "mean_benign_norm": 0.0,
      "mean_malicious_norm": 11.87222957611084,
      "mean_malicious_cosine": 0.0,
      "evaluated": true
    },
    {
      "round_idx": 8,
      "clean_loss": 367.9879150390625,
      "clean_acc": 0.1135,
      "backdoor_acc": 0.0,
      "round_seconds": 5.844015598297119,
      "mean_benign_norm": 0.0,
      "mean_malicious_norm": 11.436564445495605,
      "mean_malicious_cosine": 0.0,
      "evaluated": true
    },
    {
      "round_idx": 9,
      "clean_loss": 342.04383087158203,
      "clean_acc": 0.1135,
      "backdoor_acc": 0.0,
      "round_seconds": 5.758890390396118,
      "mean_benign_norm": 0.0,
      "mean_malicious_norm": 11.044496536254883,
      "mean_malicious_cosine": 0.0,
      "evaluated": true
    },
    {
      "round_idx": 10,
      "clean_loss": 305.9523391723633,
      "clean_acc": 0.1135,