{
  "config": {
    "dataset": "mnist",
    "data_dir": "data",
    "device": "cuda:0",
    "seed": 42,
    "num_clients": 10,
    "num_attackers": 2,
    "subsample_rate": 1.0,
    "local_epochs": 1,
    "lr": 0.05,
    "batch_size": 512,
    "eval_batch_size": 4096,
    "num_workers": 0,
    "parallel_clients": 2,
    "ipm_scaling": 2.0,
    "rounds": 50
  },
  "runs": {
    "clean": {
      "clean_loss": [
        4.379306077957153,
        2.1366392374038696,
        1.2762721180915833,
        1.0585817098617554,
        0.913451761007309,
        0.8375973850488663,
        0.7758235186338425,
        0.7147723734378815,
        0.6679959893226624,
        0.6233700066804886,
        0.587840124964714,
        0.5650136768817902,
        0.5314360409975052,
        0.5022712796926498,
        0.48176857084035873,
        0.46012667566537857,
        0.4389794021844864,
        0.4197138026356697,
        0.40315716713666916,
        0.39279668778181076,
        0.38153692334890366,
        0.3605808839201927,
        0.349007248878479,
        0.34162523597478867,
        0.3278457298874855,
        0.32071293145418167,
        0.3101357966661453,
        0.307197205722332,
        0.29402198642492294,
        0.2825273796916008,
        0.27872005105018616,
        0.27106067538261414,
        0.2644041180610657,
        0.25929852575063705,
        0.253098227083683,
        0.24616390466690063,
        0.24069686979055405,
        0.238253403455019,
        0.2334621362388134,
        0.22525421530008316,
        0.22326205670833588,
        0.21927782520651817,
        0.2187180370092392,
        0.21170484647154808,
        0.2103440947830677,
        0.20665933191776276,
        0.20094993710517883,
        0.19853775575757027,
        0.19856858253479004,
        0.19444344192743301
      ],
      "clean_acc": [
        0.7504,
        0.7919,
        0.8788,
        0.8986,
        0.9098,
        0.9159,
        0.9188,
        0.9273,
        0.9319,
        0.9355,
        0.9386,
        0.9426,
        0.9449,
        0.9495,
        0.9497,
        0.9527,
        0.9547,
        0.9578,
        0.9581,
        0.9595,
        0.9619,
        0.9626,
        0.9632,
        0.9642,
        0.9667,
        0.9671,
        0.9676,
        0.9687,
        0.97,
        0.9719,
        0.9711,
        0.9729,
        0.973,
        0.9725,
        0.9745,
        0.9742,
        0.9757,
        0.9765,
        0.9758,
        0.9762,
        0.9764,
        0.9769,
        0.9775,
        0.9782,
        0.9776,
        0.9785,
        0.979,
        0.9792,
        0.9793,
        0.9802
      ],
      "round_seconds": [
        6.0337042808532715,
        4.576354026794434,
        4.597291946411133,
        4.693702220916748,
        4.669888973236084,
        4.651064157485962,
        4.646873950958252,
        4.624664068222046,
        4.784261703491211,
        4.614401340484619,
        4.640844821929932,
        4.5470290184021,
        4.670125961303711,
        4.545939922332764,
        4.7916035652160645,
        4.692007303237915,
        4.707148790359497,
        4.895921945571899,
        5.371702671051025,
        5.531847238540649,
        5.411244869232178,
        5.587562084197998,
        5.443443059921265,
        5.4391491413116455,
        5.575230836868286,
        5.3961193561553955,
        5.3859710693359375,
        5.297197103500366,
        5.4729719161987305,
        5.368334770202637,
        5.528067350387573,
        5.544534921646118,
        5.465052127838135,
        5.407564401626587,
        5.2527916431427,
        5.441439390182495,
        5.593159437179565,
        5.462636947631836,
        5.391256093978882,
        5.4382710456848145,
        5.539088010787964,
        5.39315938949585,
        5.29628849029541,
        5.432942867279053,
        5.344778299331665,
        5.416984558105469,
        5.401403903961182,
        5.440907001495361,
        5.594450950622559,
        5.395269155502319
      ],
      "mean_benign_norm": [
        0.6164553239941597,
        0.7465066909790039,
        0.3850678987801075,
        0.2503814995288849,
        0.19521954096853733,
        0.16932071931660175,
        0.15375012159347534,
        0.14526494964957237,
        0.13779469579458237,
        0.12734251376241446,
        0.12612564861774445,
        0.12332855723798275,
        0.11810801364481449,
        0.1125313313677907,
        0.11160979978740215,
        0.11084440723061562,
        0.10561229847371578,
        0.10346373170614243,
        0.09971851482987404,
        0.0990215027704835,
        0.09686028584837914,
        0.09648566599935293,
        0.0943476865068078,
        0.09307870268821716,
        0.09388196654617786,
        0.09263365063816309,
        0.08948177564889193,
        0.0912784282118082,
        0.09467077441513538,
        0.08971157111227512,
        0.08698015660047531,
        0.08810076490044594,
        0.08483877964317799,
        0.09115779027342796,
        0.0858796127140522,
        0.08339929021894932,
        0.08362304884940386,
        0.08139383606612682,
        0.08378755301237106,
        0.08359885588288307,
        0.08390923589468002,
        0.08506337739527225,
        0.08360847365111113,
        0.08298446238040924,
        0.08056828379631042,
        0.08025290165096521,
        0.08001942280679941,
        0.07795020192861557,
        0.07870702724903822,
        0.08100817259401083
      ],
      "mean_malicious_norm": [
        0.0,
        0.0,
        0.0,
        0.0,
        0.0,
        0.0,
        0.0,
        0.0,
        0.0,
        0.0,
        0.0,
        0.0,
        0.0,
        0.0,
        0.0,
        0.0,
        0.0,
        0.0,
        0.0,
        0.0,
        0.0,
        0.0,
        0.0,
        0.0,
        0.0,
        0.0,
        0.0,
        0.0,
        0.0,
        0.0,
        0.0,
        0.0,
        0.0,
        0.0,
        0.0,
        0.0,
        0.0,
        0.0,
        0.0,
        0.0,
        0.0,
        0.0,
        0.0,
        0.0,
        0.0,
        0.0,
        0.0,
        0.0,
        0.0,
        0.0
      ],
      "mean_malicious_cosine": [
        0.0,
        0.0,
        0.0,
        0.0,
        0.0,
        0.0,
        0.0,
        0.0,
        0.0,
        0.0,
        0.0,
        0.0,
        0.0,
        0.0,
        0.0,
        0.0,
        0.0,
        0.0,
        0.0,
        0.0,
        0.0,
        0.0,
        0.0,
        0.0,
        0.0,
        0.0,
        0.0,
        0.0,
        0.0,
        0.0,
        0.0,
        0.0,
        0.0,
        0.0,
        0.0,
        0.0,
        0.0,
        0.0,
        0.0,
        0.0,
        0.0,
        0.0,
        0.0,
        0.0,
        0.0,
        0.0,
        0.0,
        0.0,
        0.0,
        0.0
      ]
    },