{
  "config": {
    "dataset": "mnist",
    "data_dir": "data",
    "device": "cuda:0",
    "seed": 42,
    "num_clients": 20,
    "num_attackers": 5,
    "subsample_rate": 1.0,
    "local_epochs": 1,
    "lr": 0.05,
    "batch_size": 512,
    "eval_batch_size": 4096,
    "num_workers": 0,
    "parallel_clients": 2,
    "base_class": 1,
    "target_class": 7,
    "pattern_type": "square",
    "attack_type": "rl",
    "ipm_scaling": 2.0,
    "lmp_scale": 2.0,
    "bfl_poison_frac": 1.0,
    "dba_poison_frac": 0.5,
    "dba_num_sub_triggers": 4,
    "attacker_action": [
      0.5,
      0.0,
      0.0
    ],
    "rounds": 30
  },
  "attack_type": "rl",
  "series": {
    "clean_loss": [
      9.726104974746704,
      13.486693382263184,
      75.97623634338379,
      5161.3170166015625,
      7559896320.0,
      7559897088.0,
      7559897600.0,
      7559897856.0,
      7559897600.0,
      7559897600.0,
      7559897600.0,
      7559897600.0,
      7559897600.0,
      7559897600.0,
      7559897600.0,
      7559897600.0,
      7559897600.0,
      7559897600.0,
      7559897600.0,
      7559897600.0,
      7559897600.0,
      7559897600.0,
      7559897600.0,
      7559897600.0,
      7559897600.0,
      7559897600.0,
      7559897600.0,
      7559897600.0,
      7559897600.0,
      7559897600.0
    ],
    "clean_acc": [
      0.097,
      0.0974,
      0.0974,
      0.0974,
      0.1032,
      0.1032,
      0.1032,
      0.1032,
      0.1032,
      0.1032,
      0.1032,
      0.1032,
      0.1032,
      0.1032,
      0.1032,
      0.1032,
      0.1032,
      0.1032,
      0.1032,
      0.1032,
      0.1032,
      0.1032,
      0.1032,
      0.1032,
      0.1032,
      0.1032,
      0.1032,
      0.1032,
      0.1032,
      0.1032
    ],
    "backdoor_acc": [
      0.097,
      0.0974,
      0.0974,
      0.0974,
      0.1032,
      0.1032,
      0.1032,
      0.1032,
      0.1032,
      0.1032,
      0.1032,
      0.1032,
      0.1032,
      0.1032,
      0.1032,
      0.1032,
      0.1032,
      0.1032,
      0.1032,
      0.1032,
      0.1032,
      0.1032,
      0.1032,
      0.1032,
      0.1032,
      0.1032,
      0.1032,
      0.1032,
      0.1032,
      0.1032
    ],
    "round_seconds": [
      13.664538621902466,
      11.93332052230835,
      12.142373085021973,
      11.985661268234253,
      11.751911640167236,
      11.846890211105347,
      11.892167568206787,
      11.866486072540283,
      12.010081768035889,
      11.95365309715271,
      11.730680465698242,
      11.28128457069397,
      10.807153463363647,
      10.787316799163818,
      11.424037218093872,
      11.144242763519287,
      10.899746656417847,
      11.076463460922241,
      11.216622352600098,
      11.038909196853638,
      10.793006658554077,
      10.864264488220215,
      11.095226526260376,
      11.310285091400146,
      11.402417659759521,
      11.261755228042603,
      11.163435220718384,
      11.000752210617065,
      11.480061769485474,
      10.77039361000061
    ],
    "mean_benign_norm": [
      0.23366921544075012,
      0.5704729874928792,
      0.8655601024627686,
      3.0358102639516193,
      0.0,
      0.0,
      0.0,
      0.0,
      0.0,
      0.0,
      0.0,
      0.0,
      0.0,
      0.0,
      0.0,
      0.0,
      0.0,
      0.0,
      0.0,
      0.0,
      0.0,
      0.0,
      0.0,
      0.0,
      0.0,
      0.0,
      0.0,
      0.0,
      0.0,
      0.0
    ],
    "mean_malicious_norm": [
      18.550931930541992,
      18.59543228149414,
      22.32904624938965,
      30.467172622680664,
      2349.435791015625,
      0.0,
      0.0,
      0.0,
      0.0,
      0.0,
      0.0,
      0.0,
      0.0,
      0.0,
      0.0,
      0.0,
      0.0,
      0.0,
      0.0,
      0.0,
      0.0,
      0.0,
      0.0,
      0.0,
      0.0,
      0.0,
      0.0,
      0.0,
      0.0,
      0.0
    ],
    "mean_malicious_cosine": [
      -0.5867920517921448,
      -0.4230567514896393,
      -0.2328517585992813,
      -0.7677139639854431,
      0.0,
      0.0,
      0.0,
      0.0,
      0.0,
      0.0,
      0.0,
      0.0,
      0.0,
      0.0,
      0.0,
      0.0,
      0.0,
      0.0,
      0.0,
      0.0,
      0.0,
      0.0,
      0.0,
      0.0,
      0.0,
      0.0,
      0.0,
      0.0,
      0.0,
      0.0
    ]
  },
  "rounds": [
    {
      "round_idx": 1,
      "clean_loss": 9.726104974746704,
      "clean_acc": 0.097,
      "backdoor_acc": 0.097,
      "round_seconds": 13.664538621902466,
      "mean_benign_norm": 0.23366921544075012,
      "mean_malicious_norm": 18.550931930541992,
      "mean_malicious_cosine": -0.5867920517921448,
      "evaluated": true
    },
    {
      "round_idx": 2,
      "clean_loss": 13.486693382263184,
      "clean_acc": 0.0974,
      "backdoor_acc": 0.0974,
      "round_seconds": 11.93332052230835,
      "mean_benign_norm": 0.5704729874928792,
      "mean_malicious_norm": 18.59543228149414,
      "mean_malicious_cosine": -0.4230567514896393,
      "evaluated": true
    },
    {
      "round_idx": 3,
      "clean_loss": 75.97623634338379,
      "clean_acc": 0.0974,
      "backdoor_acc": 0.0974,
      "round_seconds": 12.142373085021973,
      "mean_benign_norm": 0.8655601024627686,
      "mean_malicious_norm": 22.32904624938965,
      "mean_malicious_cosine": -0.2328517585992813,
      "evaluated": true
    },
    {
      "round_idx": 4,
      "clean_loss": 5161.3170166015625,
      "clean_acc": 0.0974,
      "backdoor_acc": 0.0974,
      "round_seconds": 11.985661268234253,
      "mean_benign_norm": 3.0358102639516193,
      "mean_malicious_norm": 30.467172622680664,
      "mean_malicious_cosine": -0.7677139639854431,
      "evaluated": true
    },
    {
      "round_idx": 5,
      "clean_loss": 7559896320.0,
      "clean_acc": 0.1032,
      "backdoor_acc": 0.1032,
      "round_seconds": 11.751911640167236,
      "mean_benign_norm": 0.0,
      "mean_malicious_norm": 2349.435791015625,
      "mean_malicious_cosine": 0.0,
      "evaluated": true
    },
    {
      "round_idx": 6,
      "clean_loss": 7559897088.0,
      "clean_acc": 0.1032,
      "backdoor_acc": 0.1032,
      "round_seconds": 11.846890211105347,
      "mean_benign_norm": 0.0,
      "mean_malicious_norm": 0.0,
      "mean_malicious_cosine": 0.0,
      "evaluated": true
    },
    {
      "round_idx": 7,
      "clean_loss": 7559897600.0,
      "clean_acc": 0.1032,
      "backdoor_acc": 0.1032,
      "round_seconds": 11.892167568206787,
      "mean_benign_norm": 0.0,
      "mean_malicious_norm": 0.0,
      "mean_malicious_cosine": 0.0,
      "evaluated": true
    },
    {
      "round_idx": 8,
      "clean_loss": 7559897856.0,
      "clean_acc": 0.1032,
      "backdoor_acc": 0.1032,
      "round_seconds": 11.866486072540283,
      "mean_benign_norm": 0.0,
      "mean_malicious_norm": 0.0,
      "mean_malicious_cosine": 0.0,
      "evaluated": true
    },
    {
      "round_idx": 9,
      "clean_loss": 7559897600.0,
      "clean_acc": 0.1032,
      "backdoor_acc": 0.1032,
      "round_seconds": 12.010081768035889,
      "mean_benign_norm": 0.0,
      "mean_malicious_norm": 0.0,
      "mean_malicious_cosine": 0.0,
      "evaluated": true
    },
    {
      "round_idx": 10,
      "clean_loss": 7559897600.0,
      "clean_acc": 0.1032,
      "backdoor_acc": 0.1032,
      "round_seconds": 11.95365309715271,
      "mean_benign_norm": 0.0,
      "mean_malicious_norm": 0.0,
      "mean_malicious_cosine": 0.0,
      "evaluated": true
    },
    {
      "round_idx": 11,
      "clean_loss": 7559897600.0,
      "clean_acc": 0.1032,
      "backdoor_acc": 0.1032,
      "round_seconds": 11.730680465698242,
      "mean_benign_norm": 0.0,
      "mean_malicious_norm": 0.0,
      "mean_malicious_cosine": 0.0,
      "evaluated": true
    },
    {
      "round_idx": 12,
      "clean_loss": 7559897600.0,
      "clean_acc": 0.1032,
      "backdoor_acc": 0.1032,
      "round_seconds": 11.28128457069397,
      "mean_benign_norm": 0.0,