{
  "config": {
    "dataset": "mnist",
    "data_dir": "data",
    "device": "cuda:0",
    "seed": 42,
    "num_clients": 20,
    "num_attackers": 5,
    "subsample_rate": 1.0,
    "local_epochs": 1,
    "lr": 0.05,
    "batch_size": 512,
    "eval_batch_size": 4096,
    "num_workers": 0,
    "parallel_clients": 2,
    "base_class": 1,
    "target_class": 7,
    "pattern_type": "square",
    "attack_type": "brl",
    "ipm_scaling": 2.0,
    "lmp_scale": 2.0,
    "bfl_poison_frac": 1.0,
    "dba_poison_frac": 0.5,
    "dba_num_sub_triggers": 4,
    "attacker_action": [
      0.5,
      0.0,
      0.0
    ],
    "rounds": 30
  },
  "attack_type": "brl",
  "series": {
    "clean_loss": [
      4.565173268318176,
      1.3506057858467102,
      0.650083139538765,
      0.3977448344230652,
      0.3157194256782532,
      0.260941281914711,
      0.23231814056634903,
      0.19160735234618187,
      0.1800292581319809,
      0.158755823969841,
      0.15689771622419357,
      0.14412056282162666,
      0.13735413551330566,
      0.13226496428251266,
      0.14647483825683594,
      0.12874769233167171,
      0.12104843556880951,
      0.12113678269088268,
      0.11511232145130634,
      0.11518705077469349,
      0.11006654240190983,
      0.12444690987467766,
      0.18363961949944496,
      0.160312220454216,
      0.10566423274576664,
      0.10663957893848419,
      0.10371239483356476,
      0.1455676592886448,
      0.10399864800274372,
      0.10383766330778599
    ],
    "clean_acc": [
      0.7813,
      0.9148,
      0.9493,
      0.9676,
      0.9725,
      0.9766,
      0.979,
      0.9813,
      0.982,
      0.9838,
      0.9845,
      0.9851,
      0.9861,
      0.9868,
      0.9858,
      0.9871,
      0.9871,
      0.9876,
      0.9874,
      0.988,
      0.988,
      0.9866,
      0.9814,
      0.9835,
      0.988,
      0.9882,
      0.9886,
      0.9849,
      0.9882,
      0.9879
    ],
    "backdoor_acc": [
      0.8873,
      0.9282,
      0.9638,
      0.9736,
      0.9804,
      0.9835,
      0.9853,
      0.9857,
      0.9864,
      0.9868,
      0.9876,
      0.9874,
      0.9888,
      0.9894,
      0.9886,
      0.9893,
      0.9893,
      0.9901,
      0.9894,
      0.9901,
      0.99,
      0.9891,
      0.9865,
      0.9868,
      0.9901,
      0.9903,
      0.9906,
      0.9875,
      0.99,
      0.9901
    ],
    "round_seconds": [
      135.4112629890442,
      133.39855909347534,
      131.85102105140686,
      131.43571996688843,
      131.8805685043335,
      131.95979475975037,
      132.0489284992218,
      131.25548839569092,
      133.10957169532776,
      135.78284430503845,
      137.11127829551697,
      131.48827242851257,
      129.21299362182617,
      129.03016471862793,
      124.21270108222961,
      126.23944020271301,
      127.21948552131653,
      127.49941992759705,
      129.57522225379944,
      130.52576851844788,
      126.7219831943512,
      128.27386903762817,
      124.75965142250061,
      129.89602899551392,
      131.8860399723053,
      129.26728892326355,
      126.91291522979736,
      127.33984422683716,
      124.84831500053406,
      125.49547266960144
    ],
    "mean_benign_norm": [
      0.23381327688694,
      0.5518995960553487,
      0.23953787386417388,
      0.12269833981990814,
      0.0917740136384964,
      0.08242267270882925,
      0.07707849591970443,
      0.07591873159011205,
      0.071365474909544,
      0.07082845494151116,
      0.06669377262393633,
      0.06715759361783663,
      0.06527246634165446,
      0.06354596714178722,
      0.06283250550429026,
      0.06912196278572083,
      0.06174026678005854,
      0.05900576959053675,
      0.060384618242581685,
      0.058174591759840646,
      0.059423021227121356,
      0.05603609010577202,
      0.0602954996128877,
      0.08244813332955042,
      0.08381204257408778,
      0.05290635128815969,
      0.053807631880044934,
      0.05278271486361821,
      0.0697421466310819,
      0.05143612076838811
    ],
    "mean_malicious_norm": [
      3.3993357181549073,
      2.5773073196411134,
      1.9259459257125855,
      1.4983465433120728,
      1.2380996942520142,
      1.0873793363571167,
      0.991576635837555,
      0.8031692504882812,
      0.7218479037284851,
      0.6598841071128845,
      0.6865819454193115,
      0.711374306678772,
      0.5519896388053894,
      0.5277371048927307,
      0.7354471743106842,
      0.5890126883983612,
      0.43672454357147217,
      0.41184131503105165,
      0.3860037446022034,
      0.367976450920105,
      0.34844512939453126,
      0.5243604958057404,
      0.8765980422496795,
      0.7262479305267334,
      0.4507009506225586,
      0.3086616277694702,
      0.3510636746883392,
      0.596327418088913,
      0.27008543014526365,
      0.24910741448402404
    ],
    "mean_malicious_cosine": [
      0.38460952043533325,
      0.47826898097991943,
      0.44695775508880614,
      0.3539847910404205,
      0.2905006051063538,
      0.17937585413455964,
      0.1143795982003212,
      0.0633893445134163,
      0.05001445859670639,
      0.01089117508381605,
      -0.012430008128285408,
      -0.03208938762545586,
      -0.028109729662537573,
      -0.051962772756814955,
      -0.07870640456676484,
      -0.07493370659649372,
      -0.04529263451695442,
      -0.07815516889095306,
      -0.10833131074905396,
      -0.11983401030302047,
      -0.15126646757125856,
      -0.11858370525296777,
      -0.08941387254744768,
      -0.03083432838320732,
      0.03897875100374222,
      -0.1111398071050644,
      -0.17442863583564758,
      -0.1807585135102272,
      -0.027745197876356542,
      -0.23659399151802063
    ]
  },
  "rounds": [
    {
      "round_idx": 1,
      "clean_loss": 4.565173268318176,
      "clean_acc": 0.7813,
      "backdoor_acc": 0.8873,
      "round_seconds": 135.4112629890442,
      "mean_benign_norm": 0.23381327688694,
      "mean_malicious_norm": 3.3993357181549073,
      "mean_malicious_cosine": 0.38460952043533325,
      "evaluated": true
    },
    {
      "round_idx": 2,
      "clean_loss": 1.3506057858467102,
      "clean_acc": 0.9148,
      "backdoor_acc": 0.9282,
      "round_seconds": 133.39855909347534,
      "mean_benign_norm": 0.5518995960553487,
      "mean_malicious_norm": 2.5773073196411134,
      "mean_malicious_cosine": 0.47826898097991943,
      "evaluated": true
    },
    {
      "round_idx": 3,
      "clean_loss": 0.650083139538765,
      "clean_acc": 0.9493,
      "backdoor_acc": 0.9638,
      "round_seconds": 131.85102105140686,
      "mean_benign_norm": 0.23953787386417388,
      "mean_malicious_norm": 1.9259459257125855,
      "mean_malicious_cosine": 0.44695775508880614,
      "evaluated": true
    },
    {
      "round_idx": 4,
      "clean_loss": 0.3977448344230652,
      "clean_acc": 0.9676,
      "backdoor_acc": 0.9736,
      "round_seconds": 131.43571996688843,
      "mean_benign_norm": 0.12269833981990814,
      "mean_malicious_norm": 1.4983465433120728,
      "mean_malicious_cosine": 0.3539847910404205,
      "evaluated": true
    },
    {
      "round_idx": 5,
      "clean_loss": 0.3157194256782532,
      "clean_acc": 0.9725,
      "backdoor_acc": 0.9804,
      "round_seconds": 131.8805685043335,
      "mean_benign_norm": 0.0917740136384964,
      "mean_malicious_norm": 1.2380996942520142,
      "mean_malicious_cosine": 0.2905006051063538,
      "evaluated": true
    },
    {
      "round_idx": 6,
      "clean_loss": 0.260941281914711,
      "clean_acc": 0.9766,
      "backdoor_acc": 0.9835,
      "round_seconds": 131.95979475975037,
      "mean_benign_norm": 0.08242267270882925,
      "mean_malicious_norm": 1.0873793363571167,
      "mean_malicious_cosine": 0.17937585413455964,
      "evaluated": true
    },
    {
      "round_idx": 7,
      "clean_loss": 0.23231814056634903,
      "clean_acc": 0.979,
      "backdoor_acc": 0.9853,
      "round_seconds": 132.0489284992218,